Iteración,Fitness,Tiempo,Interacción,BLOSUM
1,37.98686375125217,12.311404943466187,3.800000000000762,-1.3136248755446782
2,37.98686375125217,24.744401693344116,3.0400000000000147,-1.3218513709605728
3,37.98852515673198,37.006163120269775,3.800000000000476,-1.1474843272776503
