Iteración,Fitness,Tiempo,Interacción,BLOSUM
1,30.38926180930892,12.186938524246216,3.0400000000000906,-1.0738190691989944
2,30.38926180930892,25.427345275878906,3.0400000000000427,-1.2815986550502203
3,37.98885975201657,38.110816955566406,3.8000000000005842,-1.1140247989266805
