Iteración,Fitness,Tiempo,Interacción,BLOSUM
1,37.98704788045191,11.927123308181763,3.800000000000055,-1.2952119548633003
2,37.98704788045191,24.786774396896362,3.040000000000005,-1.2643107922444936
3,37.98704788045191,36.99230360984802,3.040000000000001,-1.2654467498650444
