Iteración,Fitness,Tiempo,Interacción,BLOSUM
1,30.389023695889858,11.926538228988647,3.0400000000001044,-1.097630411118565
2,37.987377619548646,24.34627890586853,3.800000000000013,-1.2622380451482624
3,37.987377619548646,36.73295450210571,3.0400000000000515,-1.1159048108191096
