Iteración,Fitness,Tiempo,Interacción,BLOSUM
1,30.387441539461047,12.277482986450195,3.0400000000000174,-1.2558460539125886
2,37.98716775599718,26.55736541748047,3.8000000000005887,-1.283224400870424
3,37.98716775599718,40.35279440879822,3.0400000000000507,-1.1642731769577435
