Iteración,Fitness,Tiempo,Interacción,BLOSUM
1,30.387171732757793,11.902810335159302,3.0400000000000493,-1.282826724269956
2,37.98782245122188,24.39145588874817,3.800000000000133,-1.2177548779447438
3,37.98782245122188,37.1377227306366,3.8000000000001597,-1.2788104089209427
