Iteración,Fitness,Tiempo,Interacción,BLOSUM
1,30.387117903930186,11.874073505401611,3.0400000000000045,-1.2882096069859126
2,37.987452258608926,24.42871904373169,3.8000000000000127,-1.254774139120136
3,37.987452258608926,36.63333177566528,3.800000000000296,-1.284585889569567
