Iteración,Fitness,Tiempo,Interacción,BLOSUM
1,30.38714416336486,11.989783525466919,3.040000000000002,-1.2855836635162408
2,37.986820497225814,24.36419177055359,3.800000000000084,-1.3179502775022292
3,37.987018380377165,36.88627743721008,3.80000000000034,-1.2981619626230114
