Iteración,Fitness,Tiempo,Interacción,BLOSUM
1,37.98712321442452,11.792623519897461,3.8000000000002387,-1.2876785577868095
2,37.98712321442452,24.34946370124817,3.0400000000000067,-1.3133542032516503
3,37.98712321442452,36.48845386505127,3.04000000000001,-1.3125716469229556
