Iteración,Fitness,Tiempo,Interacción,BLOSUM
1,30.387110137575913,11.907615661621094,3.0400000000000005,-1.2889862424092775
2,37.987098760681974,24.571693181991577,3.8000000000001495,-1.2901239319518973
3,37.987098760681974,37.47066116333008,3.040000000000003,-1.3047157473641782
