Iteración,Fitness,Tiempo,Interacción,BLOSUM
1,30.387405370946226,12.070782899856567,3.0400000000000325,-1.259462905409786
2,37.98731223090425,24.818147659301758,3.800000000000008,-1.2687769095827868
3,37.98731223090425,37.47034454345703,3.0400000000000005,-1.2618895627184312
