Iteración,Fitness,Tiempo,Interacción,BLOSUM
1,37.988462099129116,17.172431707382202,3.8000000000003746,-1.1537900874626223
2,37.988462099129116,32.29244065284729,3.800000000000236,-1.296812592997653
3,37.988462099129116,53.13919425010681,3.0400000000000102,-1.2495239672147946
