Iteración,Fitness,Tiempo,Interacción,BLOSUM
1,30.387574038087905,12.257187843322754,3.040000000000006,-1.2425961912155128
2,30.387574038087905,24.9978768825531,3.040000000000007,-1.307078151388525
3,37.98731094448011,37.59970688819885,3.8000000000000203,-1.2689055520091983
