Iteración,Fitness,Tiempo,Interacción,BLOSUM
1,30.386973361910922,12.444683074951172,3.040000000000032,-1.302663808939603
2,37.987436867712475,24.86678647994995,3.8000000000000673,-1.256313228819788
3,37.98795504880832,37.94340777397156,3.800000000000181,-1.2044951193493523
