Iteración,Fitness,Tiempo,Interacción,BLOSUM
1,37.98837190869062,12.046560525894165,3.8000000000003222,-1.1628091312609679
2,37.98837190869062,24.95663857460022,3.8000000000004306,-1.2555672524080852
3,37.98837190869062,37.248364210128784,3.0400000000000373,-1.1665865384606036
