Iteración,Fitness,Tiempo,Interacción,BLOSUM
1,37.98896053080067,12.9863440990448,3.8000000000007876,-1.1039469207203947
2,37.98896053080067,25.478078842163086,3.8000000000003737,-1.2800433335902808
3,37.98896053080067,38.37539291381836,3.800000000000292,-1.2525040764024749
