Iteración,Fitness,Tiempo,Interacción,BLOSUM
1,37.98706777424168,12.187787294387817,3.800000000000054,-1.2932225758859612
2,37.98706777424168,25.10323739051819,3.800000000000324,-1.308112684728057
3,37.98706777424168,38.196120262145996,3.8000000000007415,-1.2948222565677783
