Iteración,Fitness,Tiempo,Interacción,BLOSUM
1,30.38683018867964,11.897281885147095,3.0400000000000382,-1.3169811320744573
2,37.98743264049437,24.11986255645752,3.8000000000001672,-1.2567359507303641
3,37.98743264049437,36.55039048194885,3.040000000000007,-1.2615728260022632
