Iteración,Fitness,Tiempo,Interacción,BLOSUM
1,37.98723879455741,12.018818140029907,3.8000000000003324,-1.2761205445913444
2,37.98723879455741,24.6596736907959,3.040000000000014,-1.2777735242314694
3,37.98726156679218,37.14639639854431,3.8000000000000176,-1.2738433208000661
