Iteración,Fitness,Tiempo,Interacción,BLOSUM
1,37.98716386878187,12.200567722320557,3.800000000000009,-1.2836131218225137
2,37.98716386878187,25.294949769973755,3.040000000000036,-1.2784526112175794
3,37.98716386878187,38.013691663742065,3.040000000000048,-1.2985211861150114
