Iteración,Fitness,Tiempo,Interacción,BLOSUM
1,37.9889204017966,12.014540672302246,3.8000000000007104,-1.1079598210508077
2,37.9889204017966,24.29468011856079,3.0400000000000906,-1.0851911502915272
3,37.9889204017966,36.77829313278198,3.040000000000011,-1.2703061543257808
