Iteración,Fitness,Tiempo,Interacción,BLOSUM
1,37.986919330289595,12.204786539077759,3.800000000000039,-1.3080669710796742
2,37.986919330289595,24.845441579818726,3.0400000000000866,-1.3328002436971038
3,37.986919330289595,37.646090030670166,3.8000000000002405,-1.343236074269539
