Iteración,Fitness,Tiempo,Interacción,BLOSUM
1,37.98861591412632,12.01195740699768,3.8000000000006833,-1.1384085880511854
2,37.98861591412632,24.29166603088379,3.0400000000001146,-1.104940792159163
3,37.98861591412632,36.81715488433838,3.800000000000703,-1.2693244559911745
