Iteración,Fitness,Tiempo,Interacción,BLOSUM
1,37.987257792113404,11.996687889099121,3.80000000000053,-1.2742207891898707
2,37.987257792113404,24.435781478881836,3.0400000000000063,-1.2762511513653083
3,37.987331898870565,36.88546371459961,3.8000000000000194,-1.2668101129629856
