Iteración,Fitness,Tiempo,Interacción,BLOSUM
1,30.387001064800824,12.121986865997314,3.0400000000000085,-1.2998935199259964
2,37.98687209568316,24.303871870040894,3.8000000000002494,-1.3127904319331813
3,37.98699076547468,36.64666414260864,3.8000000000001113,-1.3009234526434397
