Iteración,Fitness,Tiempo,Interacción,BLOSUM
1,37.98770013990538,11.929306507110596,3.800000000000175,-1.229986009636849
2,37.98770013990538,24.738837242126465,3.8000000000002014,-1.2530251318637502
3,37.98770013990538,37.17856740951538,3.800000000000038,-1.242499035864834
