Iteración,Fitness,Tiempo,Interacción,BLOSUM
1,30.38713935493757,11.85208797454834,3.04,-1.28606450624279
2,37.987041497279364,24.260055541992188,3.8000000000002374,-1.295850272300916
3,37.987041497279364,36.72662663459778,3.0400000000000276,-1.2696351760384978
