Iteración,Fitness,Tiempo,Interacción,BLOSUM
1,30.38854532281488,12.167550325393677,3.040000000000051,-1.145467718562916
2,30.38854532281488,24.71163296699524,3.0400000000000205,-1.1803383850523772
3,37.98677149651486,37.009387254714966,3.800000000000492,-1.3228503490056585
