Iteración,Fitness,Tiempo,Interacción,BLOSUM
1,18.0,11.718875885009766,5.0,13.0
2,18.0,24.830804347991943,5.0,13.0
3,18.0,37.99395227432251,4.2,13.0
