Iteración,Fitness,Tiempo,Interacción,BLOSUM
1,17.2,12.028446912765503,4.2,13.0
2,18.0,24.330063104629517,5.0,13.0
3,18.0,36.90616011619568,4.2,13.0
