Iteración,Fitness,Tiempo,Interacción,BLOSUM
1,18.0,12.024425506591797,5.0,13.0
2,18.0,24.182689905166626,5.0,13.0
3,18.0,36.219253063201904,5.0,13.0
