Iteración,Fitness,Tiempo,Interacción,BLOSUM
1,17.2,12.137279033660889,4.2,13.0
2,18.0,24.19547724723816,5.0,13.0
3,18.0,36.5472354888916,5.0,13.0
