Iteración,Fitness,Tiempo,Interacción,BLOSUM
1,17.2,11.844866275787354,4.2,13.0
2,18.0,23.97868585586548,5.0,13.0
3,18.0,36.503896713256836,5.0,13.0
