Iteración,Fitness,Tiempo,Interacción,BLOSUM
1,18.0,12.22850489616394,5.0,13.0
2,18.0,25.371553659439087,4.2,13.0
3,18.0,38.568317890167236,5.0,13.0
