Iteración,Fitness,Tiempo,Interacción,BLOSUM
1,17.2,12.377511739730835,4.2,13.0
2,18.0,25.440402030944824,5.0,13.0
3,18.0,38.30644249916077,4.2,13.0
