Iteración,Fitness,Tiempo,Interacción,BLOSUM
1,17.2,11.931199073791504,4.2,13.0
2,17.2,24.242666482925415,4.2,13.0
3,17.2,36.107306718826294,4.2,13.0
