Iteración,Fitness,Tiempo,Interacción,BLOSUM
1,17.2,12.067797183990479,4.2,13.0
2,17.2,24.69724440574646,4.2,13.0
3,18.0,37.88279938697815,5.0,13.0
