Iteración,Fitness,Tiempo,Interacción,BLOSUM
1,18.0,11.778594017028809,5.0,13.0
2,18.0,23.987570762634277,4.2,13.0
3,18.0,36.000237703323364,4.2,13.0
