Iteración,Fitness,Tiempo,Interacción,BLOSUM
1,18.0,12.214039325714111,5.0,13.0
2,18.0,24.212162256240845,5.0,13.0
3,18.0,36.11663198471069,4.2,13.0
