Iteración,Fitness,Tiempo,Interacción,BLOSUM
1,17.2,11.691864490509033,4.2,13.0
2,18.0,23.97852087020874,5.0,13.0
3,18.0,36.27053213119507,5.0,13.0
