Iteración,Fitness,Tiempo,Interacción,BLOSUM
1,18.0,12.566431522369385,5.0,13.0
2,18.0,24.86040687561035,5.0,13.0
3,18.0,37.25505352020264,5.0,13.0
