Iteración,Fitness,Tiempo,Interacción,BLOSUM
1,18.0,12.390140533447266,5.0,13.0
2,18.0,24.471850633621216,4.2,13.0
3,18.0,39.38125991821289,4.2,13.0
