Iteración,Fitness,Tiempo,Interacción,BLOSUM
1,17.2,11.703784227371216,4.2,13.0
2,17.2,23.8645441532135,4.2,13.0
3,18.0,36.21109485626221,5.0,13.0
