Iteración,Fitness,Tiempo,Interacción,BLOSUM
1,17.2,11.994782209396362,4.2,13.0
2,17.2,24.697752475738525,4.2,13.0
3,17.2,36.711437463760376,4.2,13.0
