Iteración,Fitness,Tiempo,Interacción,BLOSUM
1,17.2,11.597103118896484,4.2,13.0
2,18.0,23.509733200073242,5.0,13.0
3,18.0,35.57758927345276,4.2,13.0
