Iteración,Fitness,Tiempo,Interacción,BLOSUM
1,17.2,11.805042743682861,4.2,13.0
2,18.0,24.418769121170044,5.0,13.0
3,18.0,36.63767862319946,5.0,13.0
