Iteración,Fitness,Tiempo,Interacción,BLOSUM
1,18.0,11.90186619758606,5.0,13.0
2,18.0,24.10294008255005,5.0,13.0
3,18.0,36.895644664764404,4.2,13.0
