Iteración,Fitness,Tiempo,Interacción,BLOSUM
1,18.0,11.885283708572388,5.0,13.0
2,18.0,23.953267812728882,4.2,13.0
3,18.0,36.29665160179138,4.2,13.0
