Iteración,Fitness,Tiempo,Interacción,BLOSUM
1,18.0,11.849544525146484,5.0,13.0
2,18.0,23.79448366165161,4.2,13.0
3,18.0,36.09200167655945,5.0,13.0
