Iteración,Fitness,Tiempo,Interacción,BLOSUM
1,18.0,11.859097957611084,5.0,13.0
2,18.0,23.940997838974,5.0,13.0
3,18.0,36.2304630279541,4.2,13.0
