Iteración,Fitness,Tiempo,Interacción,BLOSUM
1,17.2,11.74881386756897,4.2,13.0
2,17.2,23.965462923049927,4.2,13.0
3,18.0,36.352192878723145,5.0,13.0
