Iteración,Fitness,Tiempo,Interacción,BLOSUM
1,17.2,11.904446125030518,4.2,13.0
2,17.2,24.153003692626953,4.2,13.0
3,17.2,36.54829478263855,4.2,13.0
