Iteración,Fitness,Tiempo,Interacción,BLOSUM
1,17.2,11.814889430999756,4.2,13.0
2,17.2,24.190004348754883,4.2,13.0
3,17.2,36.30188965797424,4.2,13.0
