Iteración,Fitness,Tiempo,Interacción,BLOSUM
1,17.2,11.76366376876831,4.2,13.0
2,17.2,24.040359497070312,4.2,13.0
3,17.2,36.379822969436646,4.2,13.0
