Iteración,Fitness,Tiempo,Interacción,BLOSUM
1,18.0,12.018306970596313,5.0,13.0
2,18.0,24.15902042388916,4.2,13.0
3,18.0,36.696024656295776,5.0,13.0
