Iteración,Fitness,Tiempo,Interacción,BLOSUM
1,16.4,16.334262371063232,3.4,13.0
2,16.4,30.11453866958618,3.4,13.0
3,16.4,43.357431411743164,3.4,13.0
