Iteración,Fitness,Tiempo,Interacción,BLOSUM
1,16.4,14.762503862380981,3.4,13.0
2,16.4,29.75983738899231,3.4,13.0
3,16.4,44.79259729385376,3.4,13.0
