Iteración,Fitness,Tiempo,Interacción,BLOSUM
1,16.4,14.4564528465271,3.4,13.0
2,16.4,32.76400899887085,3.4,13.0
3,16.4,47.03689527511597,3.4,13.0
