Iteración,Fitness,Tiempo,Interacción,BLOSUM
1,16.4,15.477765083312988,3.4,13.0
2,16.4,30.19603729248047,3.4,13.0
3,16.4,49.61968493461609,3.4,13.0
