Iteración,Fitness,Tiempo,Interacción,BLOSUM
1,16.4,20.795957803726196,3.4,13.0
2,16.4,41.037224769592285,3.4,13.0
3,16.4,54.71824645996094,3.4,13.0
