Iteración,Fitness,Tiempo,Interacción,BLOSUM
1,16.4,13.188561916351318,3.4,13.0
2,16.4,27.146753549575806,3.4,13.0
3,16.4,41.67907738685608,3.4,13.0
