Iteración,Fitness,Tiempo,Interacción,BLOSUM
1,16.4,9.393027782440186,3.4,13.0
2,16.4,20.232288360595703,3.4,13.0
3,16.4,31.879181385040283,3.4,13.0
