Iteración,Fitness,Tiempo,Interacción,BLOSUM
1,16.4,12.149983406066895,3.4,13.0
2,16.4,24.518632888793945,3.4,13.0
3,16.4,37.14126706123352,3.4,13.0
