Iteración,Fitness,Tiempo,Interacción,BLOSUM
1,16.4,13.895505905151367,3.4,13.0
2,16.4,26.70331120491028,3.4,13.0
3,16.4,40.50016117095947,3.4,13.0
