Iteración,Fitness,Tiempo,Interacción,BLOSUM
1,16.4,12.58946704864502,3.4,13.0
2,16.4,25.22576642036438,3.4,13.0
3,16.4,38.145238637924194,3.4,13.0
