Iteración,Fitness,Tiempo,Interacción,BLOSUM
1,16.4,15.083982706069946,3.4,13.0
2,16.4,30.20100688934326,3.4,13.0
3,16.4,47.91003704071045,3.4,13.0
