Iteración,Fitness,Tiempo,Interacción,BLOSUM
1,16.4,14.153076410293579,3.4,13.0
2,16.4,28.498699188232422,3.4,13.0
3,16.4,42.88324022293091,3.4,13.0
