Iteración,Fitness,Tiempo,Interacción,BLOSUM
1,16.4,16.707072496414185,3.4,13.0
2,16.4,32.08075714111328,3.4,13.0
3,16.4,47.18523836135864,3.4,13.0
