Iteración,Fitness,Tiempo,Interacción,BLOSUM
1,16.4,12.461443662643433,3.4,13.0
2,16.4,25.692079782485962,3.4,13.0
3,16.4,41.38357210159302,3.4,13.0
