Iteración,Fitness,Tiempo,Interacción,BLOSUM
1,16.4,12.250235319137573,3.4,13.0
2,16.4,25.025587797164917,3.4,13.0
3,16.4,38.62291431427002,3.4,13.0
