Iteración,Fitness,Tiempo,Interacción,BLOSUM
1,16.4,14.137686967849731,3.4,13.0
2,16.4,26.96276593208313,3.4,13.0
3,16.4,42.369816303253174,3.4,13.0
