Iteración,Fitness,Tiempo,Interacción,BLOSUM
1,16.4,15.680865287780762,3.4,13.0
2,16.4,30.613043546676636,3.4,13.0
3,16.4,44.78825664520264,3.4,13.0
