Iteración,Fitness,Tiempo,Interacción,BLOSUM
1,16.4,14.113826990127563,3.4,13.0
2,16.4,28.10578966140747,3.4,13.0
3,16.4,40.53056216239929,3.4,13.0
