Iteración,Fitness,Tiempo,Interacción,BLOSUM
1,16.4,12.218770742416382,3.4,13.0
2,16.4,26.813916444778442,3.4,13.0
3,16.4,39.98231601715088,3.4,13.0
