Iteración,Fitness,Tiempo,Interacción,BLOSUM
1,16.4,15.608714818954468,3.4,13.0
2,16.4,30.933963775634766,3.4,13.0
3,16.4,46.02026653289795,3.4,13.0
