Iteración,Fitness,Tiempo,Interacción,BLOSUM
1,16.4,12.352847576141357,3.4,13.0
2,16.4,28.690309286117554,3.4,13.0
3,16.4,45.512768268585205,3.4,13.0
