Iteración,Fitness,Tiempo,Interacción,BLOSUM
1,16.4,15.970227241516113,3.4,13.0
2,16.4,33.78224039077759,3.4,13.0
3,16.4,51.78601908683777,3.4,13.0
