Iteración,Fitness,Tiempo,Interacción,BLOSUM
1,16.4,13.438220977783203,3.4,13.0
2,16.4,27.206239461898804,3.4,13.0
3,16.4,40.09537196159363,3.4,13.0
