Iteración,Fitness,Tiempo,Interacción,BLOSUM
1,16.4,12.720762729644775,3.4,13.0
2,16.4,26.079223155975342,3.4,13.0
3,16.4,38.90666103363037,3.4,13.0
