Iteración,Fitness,Tiempo,Interacción,BLOSUM
1,16.4,12.749828338623047,3.4,13.0
2,16.4,25.41972064971924,3.4,13.0
3,16.4,38.45390200614929,3.4,13.0
