Iteración,Fitness,Tiempo,Interacción,BLOSUM
1,16.4,12.823410749435425,3.4,13.0
2,16.4,25.667668104171753,3.4,13.0
3,16.4,36.834548234939575,3.4,13.0
