Iteración,Fitness,Tiempo,Interacción,BLOSUM
1,16.4,12.272064685821533,3.4,13.0
2,16.4,25.111732244491577,3.4,13.0
3,16.4,37.82989168167114,3.4,13.0
