Iteración,Fitness,Tiempo,Interacción,BLOSUM
1,16.4,12.247591495513916,3.4,13.0
2,16.4,24.96508264541626,3.4,13.0
3,16.4,37.88888740539551,3.4,13.0
