Iteración,Fitness,Tiempo,Interacción,BLOSUM
1,16.4,12.201592683792114,3.4,13.0
2,16.4,25.156294107437134,3.4,13.0
3,16.4,37.569101095199585,3.4,13.0
