Iteración,Fitness,Tiempo,Interacción,BLOSUM
1,16.4,14.705177307128906,3.4,13.0
2,16.4,28.17472004890442,3.4,13.0
3,16.4,44.85793113708496,3.4,13.0
